,0
0,安息香脂
1,零陵香豆
2,焚香
3,麝香
4,香草
5,雪松
6,琥珀
7,百合
8,檀香木
9,皮革
10,橘子
11,小豆蔻
12,紫罗兰
13,老鹳草
14,烟草
15,冷杉
16,无花果
17,香根草
18,茉莉
19,玫瑰
20,愈创木
21,沉香(乌木)
22,柠檬
23,橙花
24,柑橘
25,香柠檬
26,葡萄柚
27,菠萝
28,龙涎香
29,橡木苔
30,李子
31,康乃馨
32,铃兰
33,紫丁香
34,兰花
35,木质香
36,青柠
37,橙子
38,绿叶
39,白色花系
40,柠檬马鞭草
41,海水
42,迷迭香
43,海藻
44,香瓜
45,金雀花
46,含羞草
47,花香
48,热带水果
49,栀子花
50,鸡蛋花
51,木槿
52,辛香料
53,草桂花
54,蕨类植物
55,薰衣草
56,伏特加
57,生姜
58,西瓜
59,牡丹
60,洋甘菊
61,朗姆酒
62,胡椒
63,广藿香
64,粉红胡椒
65,薄荷
66,劳丹脂
67,肉豆蔻
68,梨
69,草莓
70,艾蒿
71,罗勒
72,杜松
73,芫荽
74,肉桂
75,当归
76,葛缕子
77,依兰
78,橙花油
79,蜂蜡
80,茶叶
81,树莓
82,开心果
83,焦糖
84,桃子
85,鸢尾花
86,黑加仑
87,紫罗兰叶
88,百里香
89,甘草
90,咖啡
91,蜜橘
92,水
93,睡莲
94,八角
95,红浆果
96,蜂蜜
97,月桂叶
98,马郁兰
99,橄榄树
100,桃金娘
101,公丁香
102,龙蒿
103,鼠尾草
104,水仙花
105,孜然
106,麝猫香
107,海狸香
108,醋栗叶
109,提亚蕾花
110,木兰
111,杏
112,山茶花
113,黄瓜
114,桦木
115,苦橙
116,马蹄莲
117,晚香玉
118,千金子藤
119,棉花
120,忍冬
121,鸢尾根
122,脂粉味
123,油桃
124,罂粟花
125,报春花
126,红杉
127,仙客来
128,快乐鼠尾草
129,藏红花
130,花椒
131,杜松子
132,榄香脂
133,开司米木
134,黑莓
135,小苍兰
136,醛
137,桂花
138,柏树
139,苹果
140,果香
141,苦艾酒
142,咖喱树
143,甜椒
144,不凋花
145,荔枝
146,柚子
147,马黛茶
148,白松香
149,秘鲁香脂
150,莲花
151,石榴
152,金橘
153,黄兰
154,黑檀红木
155,杜鹃花
156,没药
157,绒面革
158,山楂
159,青草
160,干草
161,莎草
162,乳香
163,琥珀木
164,番石榴
165,果仁糖
166,树莓花
167,杏仁
168,红糖
169,胡萝卜
170,天芥菜
171,酸樱桃
172,巴西红木
173,克里曼丁红橘
174,松树
175,古云香脂
176,日本扁柏木
177,妥鲁香脂
178,柳兰
179,苦橙叶
180,克什米尔木
181,红没药
182,杜松子酒
183,东方香料
184,胡萝卜籽
185,芹菜籽
186,茴芹
187,香豆素
188,盐
189,树脂
190,无花果叶
191,野花
192,向日葵
193,金钟柏
194,枫树
195,樱花
196,竹子
197,棉花糖
198,榛子
199,紫藤
200,野生草莓
201,爆米花
202,芒果
203,森林水果
204,橡木
205,牛膝草
206,香豌豆
207,英国金盏花
208,大黄
209,小茴香
210,臭氧
211,塔伊夫玫瑰
212,天竺葵
213,桃花
214,干邑白兰地
215,香槟
216,糖
217,血橙
218,柠檬花
219,黑巧克力
220,椰子
221,云杉
222,金盏花
223,土壤
224,粘土
225,矮牵牛花
226,大米
227,糖果
228,太妃糖
229,动物气息
230,菖蒲
231,西瓜酮
232,雪绒花
233,橘子花
234,印度拉茶
235,三叶草
236,林烟草花
237,百香果
238,龙舌兰酒
239,龙舌兰
240,芦荟
241,风信子
242,大麻
243,环己酮
244,安息香
245,鹿舌草
246,黄葵
247,野玫瑰果
248,玫瑰草
249,乳香脂
250,木瓜
251,卡罗花
252,杏树
253,柚木
254,日本柚子
255,红苹果
256,常春藤
257,苹果花
258,浮木
259,三角梅
260,苦艾
261,猕猴桃
262,红醋栗
263,桂竹香
264,椴树花
265,酸角
266,丁香花
267,波森莓
268,木梨
269,李子树
270,海桐花
271,金星果
272,杏花
273,奶黄
274,杨桃
275,牛奶
276,可可果
277,西番莲
278,桃花心木
279,闭鞘姜
280,植物块茎
281,纸莎草
282,莳萝
283,威士忌
284,苦配巴香脂
285,蓝莓
286,尤加利
287,多香果
288,无花果树
289,降龙涎香醚
290,合欢花
291,朱顶红
292,桑葚
293,蔓越莓
294,柑橘果酱
295,决明子
296,葡萄
297,甘松香
298,木犀草
299,剑兰
300,伽罗木莓
301,南姜
302,金合欢
303,樱桃
304,鱼子酱
305,亚麻布
306,烟雾
307,牛奶慕斯
308,梅花
309,沙子
310,干果
311,山羊毛
312,油腻气味
313,奶油
314,白巧克力
315,柑香酒
316,肉豆蔻仁
317,阳光
318,香橼
319,黑木
320,洋槐
321,凤眼兰
322,柿子
323,橄榄花
324,阿米香树花
325,樟脑
326,夹竹桃
327,大麦
328,非洲菊檀木
329,印度乳香
330,蹄兔
331,路依保斯茶
332,石竹
333,希蒂莺
334,灰烬
335,杨树芽
336,香茅
337,牛至叶
338,梨树叶
339,风铃草
340,红酒
341,小麦
342,紫茉莉
343,柠檬树
344,矮从小金雀
345,石榴花
346,蒲公英
347,雪花莲
348,旱金莲
349,香蜂草
350,黑加仑花
351,梨花
352,缬草
353,水杨酸戊酯
354,芝麻
355,莫吉托
356,栀子油
357,卡塔芙
358,可乐豆树叶
359,棕榈叶
360,山苍树
361,梨树
362,香蕉
363,杏仁酒
364,牛奶焦糖酱
365,昙花
366,黑檀
367,荨麻
368,草莓叶
369,番茄叶
370,印度乌木
371,红藻
372,可乐
373,曼陀罗
374,土壤气息
375,沥青
376,青椒
377,西印度月桂
378,姜饼
379,黄杨
380,醋栗
381,紫苏
382,绿檀木
383,芭蕉叶
384,番茄
385,香蒲
386,秦艽
387,厚壳桂
388,山竹
389,马天尼
390,芸香
391,黑加仑叶
392,橄榄
393,面包
394,仙人掌
395,黄油
396,柠檬皮
397,饼干
398,意大利柠檬甜酒
399,汽水冰淇淋
400,柠檬水
401,西柚花
402,倒挂金钟
403,白奇楠沉香
404,红色水果
405,枇杷
406,米蒂花油
407,吲哚
408,姜百合
409,指甲花
410,非洲红木
411,芒果花
412,夜茉莉
413,法式甜点
414,金属
415,板栗
416,烟草花
417,马缨丹叶
418,牛肝菌
419,透纳树叶
420,三角叶杨
421,软木
422,柯巴脂
423,漏兜树
424,西芹
425,糖渍栗子
426,核桃
427,橄榄叶
428,天使的号角
429,玉米穗
430,杏树花
431,鸦片
432,蓝罂粟
433,染料木
434,龙涎酮
435,法式焦糖布丁
436,火龙果
437,露莓
438,龙涎醚
439,石榴糖浆
440,白醋栗
441,黄香李
442,大枣
443,香柠檬花
444,鹅卵石
445,花生
446,清酒
447,黑色接骨木花
448,贝壳
449,人参
450,古巴香脂
451,强生沐浴香料
452,高山空气
453,加拿大香树脂
454,马缨丹
455,郁金香
456,芦苇
457,菊花
458,鸡冠花
459,黑刺李
460,雪芭冰激凌
461,玉竹
462,文珠兰
463,波罗尼花
464,绣球花
465,茉莉花茶
466,糖浆
467,美国梧桐
468,金链花
469,颠茄
470,夏枯草
471,水润水果
472,猴面包树
473,积雪草
474,蜀葵
475,三色堇
476,墨水
477,乙烯基
478,余烬
479,小雏菊
480,枫糖浆
481,杨梅
482,红檀香
483,苹果树
484,尾穗苋
485,非洲菊
486,双瓣茉莉
487,柑桔花
488,杂果宾治
489,麦芽
490,泥炭
491,蛋白糖饼
492,酸辣酱
493,矢车菊
494,女贞
495,刺椒
496,露珠
497,白葡萄酒
498,贝利尼鸡尾酒
499,圣约翰草
500,蓝百合
501,瓜拿纳
502,天鹅绒
503,玻璃翠
504,月桂叶精油
505,麦卢卡蜂蜜
506,鹤望兰
507,黑云杉
508,日本玫瑰
509,罗文莎叶
510,苦艾蒿
511,柬埔寨乌木
512,油桃花
513,南洋杉
514,啤酒花
515,绿甘松
516,暹罗
517,姜黄
518,球兰
519,乌龙茶
520,沼泽革木
521,铁杉花
522,杯型蛋糕
523,鸽子树
524,紫苏草
525,大豆
526,煤炭
527,马卡龙
528,棕榈果
529,地衣
530,凤梨椰子酒
531,香猫
532,假虎刺
533,勿忘我
534,米仔兰
535,龙涎香苯乙烯
536,葫芦巴
537,香薄荷
538,老挝乌木
539,意式奶冻
540,臭菘
541,阿魏
542,纸张
543,杠柳
544,紫草
545,槲寄生
546,烈酒
547,金雀花精油
548,落叶松
549,印度冰淇淋
550,凤凰木
551,巴西坚果
552,蔓藤
553,树皮
554,欧石楠
555,椴木
556,灯笼果
557,海星
558,珊瑚礁
559,秋牡丹
560,圆柚甲烷
561,火药
562,沙漠玫瑰
563,伏牛华
564,牛油果
565,油莎草
566,蔓长春花
567,卡布奇诺
568,一品红
569,枸杞
570,山梅花
571,泰国乌木
572,草芙蓉
573,牛轧糖
574,冰激凌
575,牛角面包
576,咖啡花
577,5-环十六烯-1-酮
578,铁杉木
579,红豆草
580,芥末
581,山苍子
582,夏蜡梅
583,土耳其软糖
584,烧烤
585,芳枸叶
586,土耳其拉克酒
587,奶酪
588,大都会鸡尾酒
589,汤力水
590,醉鱼草
591,凯匹林纳
592,紫花酢浆草
593,草木樨
594,酒浸樱桃
595,木瓜花
596,南瓜
597,金巴利苦酒
598,香雪球
599,杏仁糕
600,千层树
601,葡萄叶
602,牛仔裤
603,水飞蓟
604,皇家基尔酒
605,西印度樱桃
606,腊梅
607,雨的气息
608,连香树叶
609,羽扇豆
610,夜香树
611,人参果
612,豌豆
613,铝
614,石板
615,甘蔗
616,石膏
617,波罗蜜
618,海风
619,大花可可树
620,清漆味
621,大丽花
622,空心甜饼
623,生命之水
624,蓝花楹
625,印度香料
626,矾根草
627,西班牙樱桃
628,浅粉玫瑰
629,黑莓叶
630,亚基戛纳木
631,氯丁橡胶
632,圣诞蔷薇
633,代基里酒
634,莫伊派树
635,麦麸
636,嘉宝果
637,土味素
638,木质琥珀皮革味
639,毒马草
640,雪果
641,火石
642,马尼卡
643,牡蛎
644,冬青花
645,猕猴桃花
646,糖蜜
647,康乃馨叶
648,欧芹
649,酸叶
650,夏威夷果
651,食火鸡果
652,圣罗勒
